/*
 Navicat Premium Data Transfer

 Source Server         : localhost_3306
 Source Server Type    : MySQL
 Source Server Version : 100132
 Source Host           : localhost:3306
 Source Schema         : eams

 Target Server Type    : MySQL
 Target Server Version : 100132
 File Encoding         : 65001

 Date: 31/10/2019 19:01:42
*/

SET NAMES utf8mb4;
SET FOREIGN_KEY_CHECKS = 0;

-- ----------------------------
-- Table structure for member
-- ----------------------------
DROP TABLE IF EXISTS `member`;
CREATE TABLE `member`  (
  `ID` varchar(32) CHARACTER SET gb2312 COLLATE gb2312_chinese_ci NOT NULL,
  `NAME` varchar(20) CHARACTER SET gb2312 COLLATE gb2312_chinese_ci NULL DEFAULT NULL,
  `NICKNAME` varchar(20) CHARACTER SET gb2312 COLLATE gb2312_chinese_ci NULL DEFAULT NULL,
  `PHONENUM` varchar(20) CHARACTER SET gb2312 COLLATE gb2312_chinese_ci NULL DEFAULT NULL,
  `EMAIL` varchar(20) CHARACTER SET gb2312 COLLATE gb2312_chinese_ci NULL DEFAULT NULL,
  PRIMARY KEY (`ID`) USING BTREE
) ENGINE = InnoDB CHARACTER SET = gb2312 COLLATE = gb2312_chinese_ci ROW_FORMAT = Compact;

-- ----------------------------
-- Records of member
-- ----------------------------
INSERT INTO `member` VALUES ('E61D65F673D54F68B0861025C69773DB', '张三', '小三', '18888888888', 'zs@163.com');

-- ----------------------------
-- Table structure for order_traveller
-- ----------------------------
DROP TABLE IF EXISTS `order_traveller`;
CREATE TABLE `order_traveller`  (
  `ORDERID` varchar(32) CHARACTER SET gb2312 COLLATE gb2312_chinese_ci NOT NULL,
  `TRAVELLERID` varchar(32) CHARACTER SET gb2312 COLLATE gb2312_chinese_ci NOT NULL,
  PRIMARY KEY (`ORDERID`, `TRAVELLERID`) USING BTREE,
  INDEX `SYS_C009864`(`TRAVELLERID`) USING BTREE,
  CONSTRAINT `SYS_C009863` FOREIGN KEY (`ORDERID`) REFERENCES `orders` (`ID`) ON DELETE RESTRICT ON UPDATE RESTRICT,
  CONSTRAINT `SYS_C009864` FOREIGN KEY (`TRAVELLERID`) REFERENCES `traveller` (`ID`) ON DELETE RESTRICT ON UPDATE RESTRICT
) ENGINE = InnoDB CHARACTER SET = gb2312 COLLATE = gb2312_chinese_ci ROW_FORMAT = Compact;

-- ----------------------------
-- Records of order_traveller
-- ----------------------------
INSERT INTO `order_traveller` VALUES ('0E7231DC797C486290E8713CA3C6ECCC', '3FE27DF2A4E44A6DBC5D0FE4651D3D3E');
INSERT INTO `order_traveller` VALUES ('2FF351C4AC744E2092DCF08CFD314420', '3FE27DF2A4E44A6DBC5D0FE4651D3D3E');
INSERT INTO `order_traveller` VALUES ('3081770BC3984EF092D9E99760FDABDE', 'EE7A71FB6945483FBF91543DBE851960');
INSERT INTO `order_traveller` VALUES ('55F9AF582D5A4DB28FB4EC3199385762', 'EE7A71FB6945483FBF91543DBE851960');
INSERT INTO `order_traveller` VALUES ('5DC6A48DD4E94592AE904930EA866AFA', '3FE27DF2A4E44A6DBC5D0FE4651D3D3E');
INSERT INTO `order_traveller` VALUES ('96CC8BD43C734CC2ACBFF09501B4DD5D', 'EE7A71FB6945483FBF91543DBE851960');
INSERT INTO `order_traveller` VALUES ('A0657832D93E4B10AE88A2D4B70B1A28', '3FE27DF2A4E44A6DBC5D0FE4651D3D3E');
INSERT INTO `order_traveller` VALUES ('CA005CF1BE3C4EF68F88ABC7DF30E976', 'EE7A71FB6945483FBF91543DBE851960');
INSERT INTO `order_traveller` VALUES ('E4DD4C45EED84870ABA83574A801083E', 'EE7A71FB6945483FBF91543DBE851960');

-- ----------------------------
-- Table structure for orders
-- ----------------------------
DROP TABLE IF EXISTS `orders`;
CREATE TABLE `orders`  (
  `ID` varchar(32) CHARACTER SET gb2312 COLLATE gb2312_chinese_ci NOT NULL,
  `ORDERNUM` varchar(20) CHARACTER SET gb2312 COLLATE gb2312_chinese_ci NOT NULL,
  `ORDERTIME` datetime(0) NULL DEFAULT NULL,
  `PEOPLECOUNT` decimal(65, 30) NULL DEFAULT NULL,
  `ORDERDESC` text CHARACTER SET gb2312 COLLATE gb2312_chinese_ci NULL,
  `PAYTYPE` decimal(65, 30) NULL DEFAULT NULL,
  `ORDERSTATUS` decimal(65, 30) NULL DEFAULT NULL,
  `PRODUCTID` varchar(32) CHARACTER SET gb2312 COLLATE gb2312_chinese_ci NULL DEFAULT NULL,
  `MEMBERID` varchar(32) CHARACTER SET gb2312 COLLATE gb2312_chinese_ci NULL DEFAULT NULL,
  PRIMARY KEY (`ID`) USING BTREE,
  INDEX `SYS_C009859`(`PRODUCTID`) USING BTREE,
  INDEX `SYS_C009860`(`MEMBERID`) USING BTREE,
  CONSTRAINT `SYS_C009859` FOREIGN KEY (`PRODUCTID`) REFERENCES `product` (`ID`) ON DELETE RESTRICT ON UPDATE RESTRICT,
  CONSTRAINT `SYS_C009860` FOREIGN KEY (`MEMBERID`) REFERENCES `member` (`ID`) ON DELETE RESTRICT ON UPDATE RESTRICT
) ENGINE = InnoDB CHARACTER SET = gb2312 COLLATE = gb2312_chinese_ci ROW_FORMAT = Compact;

-- ----------------------------
-- Records of orders
-- ----------------------------
INSERT INTO `orders` VALUES ('0E7231DC797C486290E8713CA3C6ECCC', '12345', '2018-03-02 12:00:00', 2.000000000000000000000000000000, '没什么', 0.000000000000000000000000000000, 1.000000000000000000000000000000, '676C5BD1D35E429A8C2E114939C5685A', 'E61D65F673D54F68B0861025C69773DB');
INSERT INTO `orders` VALUES ('2FF351C4AC744E2092DCF08CFD314420', '67890', '2018-03-02 12:00:00', 2.000000000000000000000000000000, '没什么', 0.000000000000000000000000000000, 1.000000000000000000000000000000, '12B7ABF2A4C544568B0A7C69F36BF8B7', 'E61D65F673D54F68B0861025C69773DB');
INSERT INTO `orders` VALUES ('3081770BC3984EF092D9E99760FDABDE', '55555', '2018-03-02 12:00:00', 2.000000000000000000000000000000, '没什么', 0.000000000000000000000000000000, 1.000000000000000000000000000000, '9F71F01CB448476DAFB309AA6DF9497F', 'E61D65F673D54F68B0861025C69773DB');
INSERT INTO `orders` VALUES ('55F9AF582D5A4DB28FB4EC3199385762', '33333', '2018-03-02 12:00:00', 2.000000000000000000000000000000, '没什么', 0.000000000000000000000000000000, 1.000000000000000000000000000000, '9F71F01CB448476DAFB309AA6DF9497F', 'E61D65F673D54F68B0861025C69773DB');
INSERT INTO `orders` VALUES ('5DC6A48DD4E94592AE904930EA866AFA', '54321', '2018-03-02 12:00:00', 2.000000000000000000000000000000, '没什么', 0.000000000000000000000000000000, 1.000000000000000000000000000000, '676C5BD1D35E429A8C2E114939C5685A', 'E61D65F673D54F68B0861025C69773DB');
INSERT INTO `orders` VALUES ('96CC8BD43C734CC2ACBFF09501B4DD5D', '22222', '2018-03-02 12:00:00', 2.000000000000000000000000000000, '没什么', 0.000000000000000000000000000000, 1.000000000000000000000000000000, '12B7ABF2A4C544568B0A7C69F36BF8B7', 'E61D65F673D54F68B0861025C69773DB');
INSERT INTO `orders` VALUES ('A0657832D93E4B10AE88A2D4B70B1A28', '98765', '2018-03-02 12:00:00', 2.000000000000000000000000000000, '没什么', 0.000000000000000000000000000000, 1.000000000000000000000000000000, '12B7ABF2A4C544568B0A7C69F36BF8B7', 'E61D65F673D54F68B0861025C69773DB');
INSERT INTO `orders` VALUES ('CA005CF1BE3C4EF68F88ABC7DF30E976', '44444', '2018-03-02 12:00:00', 2.000000000000000000000000000000, '没什么', 0.000000000000000000000000000000, 1.000000000000000000000000000000, '9F71F01CB448476DAFB309AA6DF9497F', 'E61D65F673D54F68B0861025C69773DB');
INSERT INTO `orders` VALUES ('E4DD4C45EED84870ABA83574A801083E', '11111', '2018-03-02 12:00:00', 2.000000000000000000000000000000, '没什么', 0.000000000000000000000000000000, 1.000000000000000000000000000000, '12B7ABF2A4C544568B0A7C69F36BF8B7', 'E61D65F673D54F68B0861025C69773DB');

-- ----------------------------
-- Table structure for permission
-- ----------------------------
DROP TABLE IF EXISTS `permission`;
CREATE TABLE `permission`  (
  `ID` varchar(32) CHARACTER SET gb2312 COLLATE gb2312_chinese_ci NOT NULL,
  `PERMISSIONNAME` varchar(50) CHARACTER SET gb2312 COLLATE gb2312_chinese_ci NULL DEFAULT NULL,
  `URL` varchar(50) CHARACTER SET gb2312 COLLATE gb2312_chinese_ci NULL DEFAULT NULL,
  PRIMARY KEY (`ID`) USING BTREE
) ENGINE = InnoDB CHARACTER SET = gb2312 COLLATE = gb2312_chinese_ci ROW_FORMAT = Compact;

-- ----------------------------
-- Records of permission
-- ----------------------------
INSERT INTO `permission` VALUES ('2b154dd6-243e-4018', '123', '123');
INSERT INTO `permission` VALUES ('2fb68f22-bd95-440f', '1111111', '111111111111111');
INSERT INTO `permission` VALUES ('f6e454a2-dc70-4fa0', '1', '1');

-- ----------------------------
-- Table structure for product
-- ----------------------------
DROP TABLE IF EXISTS `product`;
CREATE TABLE `product`  (
  `ID` varchar(32) CHARACTER SET gb2312 COLLATE gb2312_chinese_ci NOT NULL,
  `PRODUCTNUM` varchar(50) CHARACTER SET gb2312 COLLATE gb2312_chinese_ci NOT NULL,
  `PRODUCTNAME` varchar(50) CHARACTER SET gb2312 COLLATE gb2312_chinese_ci NULL DEFAULT NULL,
  `CITYNAME` varchar(50) CHARACTER SET gb2312 COLLATE gb2312_chinese_ci NULL DEFAULT NULL,
  `DEPARTURETIME` datetime(0) NULL DEFAULT NULL,
  `PRODUCTPRICE` decimal(65, 30) NULL DEFAULT NULL,
  `PRODUCTDESC` text CHARACTER SET gb2312 COLLATE gb2312_chinese_ci NULL,
  `PRODUCTSTATUS` decimal(65, 30) NULL DEFAULT NULL,
  PRIMARY KEY (`ID`) USING BTREE
) ENGINE = InnoDB CHARACTER SET = gb2312 COLLATE = gb2312_chinese_ci ROW_FORMAT = Compact;

-- ----------------------------
-- Records of product
-- ----------------------------
INSERT INTO `product` VALUES ('12B7ABF2A4C544568B0A7C69F36BF8B7', 'itcast-003', '上海五日游', '上海', '2018-04-25 14:30:00', 1800.000000000000000000000000000000, '魔都我来了', 0.000000000000000000000000000000);
INSERT INTO `product` VALUES ('676C5BD1D35E429A8C2E114939C5685A', 'itcast-002', '北京三日游', '北京', '2018-10-10 10:10:00', 1200.000000000000000000000000000000, '不错的旅行', 1.000000000000000000000000000000);
INSERT INTO `product` VALUES ('9F71F01CB448476DAFB309AA6DF9497F', 'itcast-001', '北京三日游', '北京', '2018-10-10 10:10:00', 1200.000000000000000000000000000000, '不错的旅行', 1.000000000000000000000000000000);

-- ----------------------------
-- Table structure for role
-- ----------------------------
DROP TABLE IF EXISTS `role`;
CREATE TABLE `role`  (
  `ID` varchar(32) CHARACTER SET gb2312 COLLATE gb2312_chinese_ci NOT NULL,
  `ROLENAME` varchar(50) CHARACTER SET gb2312 COLLATE gb2312_chinese_ci NULL DEFAULT NULL,
  `ROLEDESC` varchar(50) CHARACTER SET gb2312 COLLATE gb2312_chinese_ci NULL DEFAULT NULL,
  PRIMARY KEY (`ID`) USING BTREE
) ENGINE = InnoDB CHARACTER SET = gb2312 COLLATE = gb2312_chinese_ci ROW_FORMAT = Compact;

-- ----------------------------
-- Records of role
-- ----------------------------
INSERT INTO `role` VALUES ('7be33729-b12e-4d4c', 'ADMIN', 'admin');
INSERT INTO `role` VALUES ('a2c7c2ec-3a2b-4836', 'USER', 'user');

-- ----------------------------
-- Table structure for role_permission
-- ----------------------------
DROP TABLE IF EXISTS `role_permission`;
CREATE TABLE `role_permission`  (
  `PERMISSIONID` varchar(32) CHARACTER SET gb2312 COLLATE gb2312_chinese_ci NOT NULL,
  `ROLEID` varchar(32) CHARACTER SET gb2312 COLLATE gb2312_chinese_ci NOT NULL,
  PRIMARY KEY (`PERMISSIONID`, `ROLEID`) USING BTREE,
  INDEX `SYS_C009875`(`ROLEID`) USING BTREE,
  CONSTRAINT `SYS_C009874` FOREIGN KEY (`PERMISSIONID`) REFERENCES `permission` (`ID`) ON DELETE RESTRICT ON UPDATE RESTRICT,
  CONSTRAINT `SYS_C009875` FOREIGN KEY (`ROLEID`) REFERENCES `role` (`ID`) ON DELETE RESTRICT ON UPDATE RESTRICT
) ENGINE = InnoDB CHARACTER SET = gb2312 COLLATE = gb2312_chinese_ci ROW_FORMAT = Compact;

-- ----------------------------
-- Records of role_permission
-- ----------------------------
INSERT INTO `role_permission` VALUES ('2b154dd6-243e-4018', '7be33729-b12e-4d4c');
INSERT INTO `role_permission` VALUES ('2b154dd6-243e-4018', 'a2c7c2ec-3a2b-4836');
INSERT INTO `role_permission` VALUES ('2fb68f22-bd95-440f', '7be33729-b12e-4d4c');
INSERT INTO `role_permission` VALUES ('2fb68f22-bd95-440f', 'a2c7c2ec-3a2b-4836');
INSERT INTO `role_permission` VALUES ('f6e454a2-dc70-4fa0', '7be33729-b12e-4d4c');
INSERT INTO `role_permission` VALUES ('f6e454a2-dc70-4fa0', 'a2c7c2ec-3a2b-4836');

-- ----------------------------
-- Table structure for syslog
-- ----------------------------
DROP TABLE IF EXISTS `syslog`;
CREATE TABLE `syslog`  (
  `ID` varchar(255) CHARACTER SET latin1 COLLATE latin1_swedish_ci NOT NULL,
  `VISITTIME` datetime(6) NULL DEFAULT NULL,
  `USERNAME` varchar(255) CHARACTER SET latin1 COLLATE latin1_swedish_ci NULL DEFAULT NULL,
  `IP` varchar(255) CHARACTER SET latin1 COLLATE latin1_swedish_ci NULL DEFAULT NULL,
  `URL` varchar(255) CHARACTER SET latin1 COLLATE latin1_swedish_ci NULL DEFAULT NULL,
  `EXECUTIONTIME` decimal(65, 30) NULL DEFAULT NULL,
  `METHOD` varchar(255) CHARACTER SET latin1 COLLATE latin1_swedish_ci NULL DEFAULT NULL,
  PRIMARY KEY (`ID`) USING BTREE
) ENGINE = InnoDB CHARACTER SET = latin1 COLLATE = latin1_swedish_ci ROW_FORMAT = Compact;

-- ----------------------------
-- Records of syslog
-- ----------------------------
INSERT INTO `syslog` VALUES ('1', '0000-00-00 00:00:00.000000', '1', '1', '1', 1.000000000000000000000000000000, '1');

-- ----------------------------
-- Table structure for traveller
-- ----------------------------
DROP TABLE IF EXISTS `traveller`;
CREATE TABLE `traveller`  (
  `ID` varchar(32) CHARACTER SET gb2312 COLLATE gb2312_chinese_ci NOT NULL,
  `NAME` varchar(20) CHARACTER SET gb2312 COLLATE gb2312_chinese_ci NULL DEFAULT NULL,
  `SEX` varchar(20) CHARACTER SET gb2312 COLLATE gb2312_chinese_ci NULL DEFAULT NULL,
  `PHONENUM` varchar(20) CHARACTER SET gb2312 COLLATE gb2312_chinese_ci NULL DEFAULT NULL,
  `CREDENTIALSTYPE` decimal(65, 30) NULL DEFAULT NULL,
  `CREDENTIALSNUM` varchar(50) CHARACTER SET gb2312 COLLATE gb2312_chinese_ci NULL DEFAULT NULL,
  `TRAVELLERTYPE` decimal(65, 30) NULL DEFAULT NULL,
  PRIMARY KEY (`ID`) USING BTREE
) ENGINE = InnoDB CHARACTER SET = gb2312 COLLATE = gb2312_chinese_ci ROW_FORMAT = Compact;

-- ----------------------------
-- Records of traveller
-- ----------------------------
INSERT INTO `traveller` VALUES ('3FE27DF2A4E44A6DBC5D0FE4651D3D3E', '张龙', '男', '13333333333', 0.000000000000000000000000000000, '123456789009876543', 0.000000000000000000000000000000);
INSERT INTO `traveller` VALUES ('EE7A71FB6945483FBF91543DBE851960', '张小龙', '男', '15555555555', 0.000000000000000000000000000000, '987654321123456789', 1.000000000000000000000000000000);

-- ----------------------------
-- Table structure for users
-- ----------------------------
DROP TABLE IF EXISTS `users`;
CREATE TABLE `users`  (
  `ID` varchar(32) CHARACTER SET gb2312 COLLATE gb2312_chinese_ci NOT NULL,
  `EMAIL` varchar(255) CHARACTER SET gb2312 COLLATE gb2312_chinese_ci NOT NULL,
  `USERNAME` varchar(255) CHARACTER SET gb2312 COLLATE gb2312_chinese_ci NULL DEFAULT NULL,
  `PASSWORD` varchar(255) CHARACTER SET gb2312 COLLATE gb2312_chinese_ci NULL DEFAULT NULL,
  `PHONENUM` varchar(255) CHARACTER SET gb2312 COLLATE gb2312_chinese_ci NULL DEFAULT NULL,
  `STATUS` int(255) NULL DEFAULT NULL,
  PRIMARY KEY (`ID`) USING BTREE
) ENGINE = InnoDB CHARACTER SET = gb2312 COLLATE = gb2312_chinese_ci ROW_FORMAT = Compact;

-- ----------------------------
-- Records of users
-- ----------------------------
INSERT INTO `users` VALUES ('0d07be7e-97ce-42e9', '1111@sd.sds', '1111', '$2a$10$AN5ZhEOTV4UHfo2B86j5W.oG8CKtExAUemKHpEtXU4ahtQsPjhJHi', '18770283078', 1);
INSERT INTO `users` VALUES ('1', '1', '1', '1', '1', 1);
INSERT INTO `users` VALUES ('1e9c0f7b-6b87-4350', '11@aa.cc', '1', '$2a$10$mwXx6ygbLglHiMSCdhVa6uNCC7/LFzDf6Gw6T0sR74.3VhmJGwiQ2', 'sfsfsdf', 0);
INSERT INTO `users` VALUES ('2e4caedb-52d8-485c', '1540089431@qq.com', '1111', '$2a$10$T6htmOuCirFNM1azLh5zp.OxpmKjf5LceLoHhjSAsz3h9ekAuQ6oa', '12121', 1);
INSERT INTO `users` VALUES ('34ee12ea-0ae6-48d7', '11@aa.cc,324234@qwq.qwq', '1111,333', '$2a$10$esFh83xokLK54rxpwzqJS.asxenf9rDT3SMnbNlPJwJiWhyZ.PXE2', '1111,1212', 1);
INSERT INTO `users` VALUES ('5688511f-f128-4ed5', '11@aa.cc', 'admin', '$2a$10$VpMtCVxGpT0GS8cY5zpI0OjfQ5a99ZT18BiqzW2ajSKDo2EWceRM6', '1212', 1);
INSERT INTO `users` VALUES ('7292686f-24da-41ad', '214@qq.com', 'jack', 'jack', '1212', 1);
INSERT INTO `users` VALUES ('9c442b34-32ab-40ae', '111@qw.qw', '1111', '$2a$10$DdofdRNXSyNXSx5dSS1aIe3gDAFO5RshtRQ1McRQN517BFYDmOkc.', '111', 1);
INSERT INTO `users` VALUES ('bfcb94eb-f1f2-40af', '11@aa.cc', '11', '$2a$10$aVhiEvfJUd0bP6bzVFhUZeIpmAF7.VCljCjAD2vMQsOkNtfY75puG', '11', 1);
INSERT INTO `users` VALUES ('ee0be08b-1505-4259', '324234@qwq.qwq', 'ROOT', '$2a$10$8tbqTujF65kSwam6yikin.VlS6WkX0qzRQ9uFY3mquBoGK7zoZq/u', '1212', 1);
INSERT INTO `users` VALUES ('f49456a0-885f-4b9a', '324234@qwq.qwq', 'tom', 'tom', 'sfsfsdf', 1);

-- ----------------------------
-- Table structure for users_role
-- ----------------------------
DROP TABLE IF EXISTS `users_role`;
CREATE TABLE `users_role`  (
  `USERID` varchar(32) CHARACTER SET gb2312 COLLATE gb2312_chinese_ci NOT NULL,
  `ROLEID` varchar(32) CHARACTER SET gb2312 COLLATE gb2312_chinese_ci NOT NULL,
  PRIMARY KEY (`USERID`, `ROLEID`) USING BTREE,
  INDEX `SYS_C009871`(`ROLEID`) USING BTREE,
  CONSTRAINT `SYS_C009870` FOREIGN KEY (`USERID`) REFERENCES `users` (`ID`) ON DELETE RESTRICT ON UPDATE RESTRICT,
  CONSTRAINT `SYS_C009871` FOREIGN KEY (`ROLEID`) REFERENCES `role` (`ID`) ON DELETE RESTRICT ON UPDATE RESTRICT
) ENGINE = InnoDB CHARACTER SET = gb2312 COLLATE = gb2312_chinese_ci ROW_FORMAT = Compact;

-- ----------------------------
-- Records of users_role
-- ----------------------------
INSERT INTO `users_role` VALUES ('0d07be7e-97ce-42e9', '7be33729-b12e-4d4c');
INSERT INTO `users_role` VALUES ('0d07be7e-97ce-42e9', 'a2c7c2ec-3a2b-4836');
INSERT INTO `users_role` VALUES ('5688511f-f128-4ed5', '7be33729-b12e-4d4c');
INSERT INTO `users_role` VALUES ('ee0be08b-1505-4259', 'a2c7c2ec-3a2b-4836');

SET FOREIGN_KEY_CHECKS = 1;
